<?xml version="1.0" encoding="ISO-8859-1"?>
<!--
 [y] hybris Platform

 Copyright (c) 2000-2013 hybris AG
 All rights reserved.

 This software is the confidential and proprietary information of hybris
 ("Confidential Information"). You shall not disclose such Confidential
 Information and shall use it only in accordance with the terms of the
 license agreement you entered into with hybris.

  
-->
<!--
	ATTENTION: This is just an example file. You have to edit it according to your needs.
-->

<items xmlns:xsi="http://www.w3.org/2001/XMLSchema-instance"
       xsi:noNamespaceSchemaLocation="items.xsd">

    <enumtypes>

        <enumtype code="OrderStatus" autocreate="false" generate="true" dynamic="true">
            <value code="WAITING_FOR_PAYMENT"/>
        </enumtype>
    </enumtypes>

    <itemtypes>

        <typegroup name="Rivegauche">
            <itemtype code="RgPaymentInfo" autocreate="true" generate="true"
                      jaloclass="com.rivegauche.jalo.RgPaymentInfo">
                <attributes>
                    <attribute qualifier="code" type="java.lang.String">
                        <description>Code</description>
                        <persistence type="property"/>
                        <modifiers read="true" write="true" search="true" optional="true"/>
                    </attribute>
                </attributes>
            </itemtype>

            <itemtype code="RgPayonlinePaymentInfo" autocreate="true" generate="true" extends="RgPaymentInfo">
                <attributes>
                    <attribute qualifier="transactionId" type="java.lang.String">
                        <description>Transaction Id</description>
                        <persistence type="property"/>
                        <modifiers read="true" write="true" search="true" optional="true"/>
                    </attribute>
                </attributes>
            </itemtype>
        </typegroup>

        <typegroup name="Order">
            <itemtype code="AbstractOrder" autocreate="false" generate="false">
                <description>Extending AbstractOrder type with additional attributes.</description>
                <attributes>
                    <attribute qualifier="rgPaymentInfo" type="RgPaymentInfo">
                        <persistence type="property"/>
                        <modifiers read="true" write="true" search="true" optional="true" initial="false"
                                   unique="false"/>
                    </attribute>
                </attributes>
            </itemtype>

        </typegroup>

    </itemtypes>
</items>
