<?xml version="1.0" encoding="UTF-8" standalone="no"?>
<!--
 [y] hybris Platform

 Copyright (c) 2000-2013 hybris AG
 All rights reserved.

 This software is the confidential and proprietary information of hybris
 ("Confidential Information"). You shall not disclose such Confidential
 Information and shall use it only in accordance with the terms of the
 license agreement you entered into with hybris.

  
--><extensioninfo xmlns:xsi="http://www.w3.org/2001/XMLSchema-instance" xsi:noNamespaceSchemaLocation="extensioninfo.xsd">

	<extension name="rivegauchestore"
               abstractclassprefix="Generated"
               classprefix="Rivegauchestore"
               managername="RivegauchestoreManager"
               managersuperclass="de.hybris.platform.jalo.extension.Extension"
               description="rivegauchestore extension">

		<!-- you should add all required extensions to this list, except platform extensions which are automatically required -->         
		<requires-extension name="hmc"/>
		<requires-extension name="acceleratorservices"/>
		<requires-extension name="rivegauchecore"/>
		<requires-extension name="wishlist"/>

		<coremodule generated="true" manager="com.rivegauche.jalo.RivegauchestoreManager" packageroot="com.rivegauche"/>

		<webmodule jspcompile="false" webroot="/rivegauchestore"/>

		<hmcmodule extensionclassname="com.rivegauche.hmc.RivegauchestoreHMCExtension"/>



	</extension>

</extensioninfo>
