<?xml version="1.0" encoding="utf-8"?>
<process xmlns="http://www.hybris.de/xsd/processdefinition" start="checkOrder" name="order-process" processClass="de.hybris.platform.orderprocessing.model.OrderProcessModel">

	<action id="checkOrder" bean="checkOrderAction">
		<transition name="OK" to="checkAuthorizeOrderPayment"/>
        <transition name="PICKUP" to="changeOrderStatus"/>
		<transition name="NOK" to="error"/>
        <transition name="WAIT" to="waitForPayonlineTransaction"/>
	</action>

    <wait id="waitForPayonlineTransaction" then="checkAuthorizeOrderPayment" prependProcessCode="false">
        <event>${process.order.code}_PayonlineTransaction</event>
    </wait>

	<action id="checkAuthorizeOrderPayment" bean="checkAuthorizeOrderPaymentAction">
		<transition name="AUTHORIZED_PAID" to="publishOrder"/>
        	<transition name="AUTHORIZED_PAID_ON_DELIVERY" to="publishOrder"/>
        	<transition name="AUTHORIZED_NOT_PAID" to="publishOrder"/>
		<transition name="NOT_AUTHORIZED" to="authorizationFailedNotification"/>
	</action>
	

    <action id="publishOrder" bean="publishOrderToERPAction">
        <transition name="OK" to="changeOrderStatus"/>
    </action>

    <action id="changeOrderStatus" bean="changeOrderStatusAction">
        <transition name="OK" to="sendOrderPlacedNotification"/>
    </action>

	<action id="sendOrderPlacedNotification" bean="sendOrderPlacedNotificationAction">
		<transition name="OK" to="success"/>
	</action>

	<action id="authorizationFailedNotification" bean="sendAuthorizationFailedNotificationAction">
		<transition name="OK" to="failed"/>
	</action>
	
	<!-- canceling order -->
	<wait id="waitForCleanUp" then="scheduleForCleanUp" prependProcessCode="false">
		<event>${process.code}_CleanUpEvent</event>
	</wait>
	
	<action id="scheduleForCleanUp" bean="scheduleForCleanUpAction">
		<transition name="OK" to="cancelOrder"/>
		<transition name="NOK" to="orderManualChecked" /> 
	</action>
	
	<action id="cancelOrder" bean="cancelWholeOrderAuthorizationAction">
		<transition name="OK" to="failed"/>
	</action>
	<!-- canceling order end -->
	
	<end id="error" state="ERROR">All went wrong.</end>
	<end id="failed" state="FAILED">Order not placed.</end>
	<end id="success" state="SUCCEEDED">Order placed.</end>

</process>