<?xml version="1.0" encoding="UTF-8"?>
<!--
 [y] hybris Platform

 Copyright (c) 2000-2013 hybris AG
 All rights reserved.

 This software is the confidential and proprietary information of hybris
 ("Confidential Information"). You shall not disclose such Confidential
 Information and shall use it only in accordance with the terms of the
 license agreement you entered into with hybris.
-->

<beans xmlns="http://www.springframework.org/schema/beans"
       xmlns:xsi="http://www.w3.org/2001/XMLSchema-instance"
       xmlns:context="http://www.springframework.org/schema/context"
       xsi:schemaLocation="http://www.springframework.org/schema/beans
		http://www.springframework.org/schema/beans/spring-beans-3.1.xsd
		http://www.springframework.org/schema/context
	    http://www.springframework.org/schema/context/spring-context-3.1.xsd">

    <context:component-scan base-package="com.rivegauche.facades"/>

    <bean id="orderPaymentAuthorizationFailedEmailContext" class="com.rivegauche.facades.process.email.context.OrderPaymentAuthorizationFailedEmailContext" parent="orderEmailContext" scope="prototype"/>

    <bean id="rgPaymentModeData" class="com.rivegauche.facades.payment.data.RgPaymentModeData" scope="prototype"/>
    <bean id="rgPayonlinePaymentInfoData" class="com.rivegauche.facades.payment.data.RgPayonlinePaymentInfoData" scope="prototype"/>


    <bean id="rgPayonlinePaymentInfoConverter" parent="abstractPopulatingConverter">
        <lookup-method name="createTarget" bean="rgPayonlinePaymentInfoData"/>
        <property name="populators">
            <list>
                <ref bean="rgPaymentInfoPopulator"/>
                <ref bean="rgPayonlinePaymentInfoPopulator"/>
            </list>
        </property>
    </bean>


</beans>
